{
  "0.7162851034397131": { "user_id": 1 },
  "0.4763882212198183": { "user_id": 1 }
}
